id,title,content,slug,last_modified
27,Közérdekü adatok,Törvényes,onkormanyzat/kozerdeku-adatok,2025-01-23T16:35:43.887Z
13,Képviselő testület,"
2024-2029




|    Név    |  Titulus  |
| ------------------- | ------------- |
| Marics József        | polgármester polgarmester@bakonykuti.hu|
| Márkus Erika        | alpolgármester |
| Horel Ágota         | képviselő     |
| Pató Ágnes          | képviselő     |
| Talaberné Fodor Éva | képviselő     |

## 
[Bakonykúti Községi Önkormányzat Képviselő-testülete 2025-2029 évekre szóló gazdasági programja, fejlesztési terve](https://utfs.io/f/26L8Sk7UnuECpetpLib0tYOVN4SgU2xuoem6swRjIQKAFZBL) 
		",onkormanyzat/kepviselo-testulet,2025-04-08T16:27:15.689Z
28,Hirdetmény,"A legfrissebb hirdetmények elérhetőek itt. 
## 
VERGA haszonbérleti díj: 

https://utfs.io/f/26L8Sk7UnuECj2meBsdVTPH1f4QNIYeZOKG0nqzEAJr6FLgy
## 
MEGHÍVÓ a VERGA Vadászterület tulajdonosi közösségének gyűlésére (2025.04.24, 8:00-9:00): 

https://utfs.io/f/26L8Sk7UnuECHms9aAPrhOQ7z5tdNT6PIwFxqfA2XscmnvoM
## 
		",onkormanyzat/hirdetmenyek,2025-03-20T19:35:20.254Z
62,Körzeti Megbízott,wip2,kozerdeku/korzeti-megbizott,2025-03-29T13:09:26.593Z
34,Településrendezési eszközök és arculati kézikönyv,"## Bakonykúti Község jóváhagyott településfejlesztési koncepciója, településszerkezeti terve, helyi építési szabályzata és arculati kézikönyve 

1. TELEPÜLÉSFEJLESZTÉSI KONCEPCIÓ
 

[H27.sz. Határozat - koncepció](http://www.bakonykuti.hu/bkhesz/27hat.pdf)
 

[BAKONYKÚTI TELÜLÉSFEJLESZTÉSI KONCEPCIÓ](http://www.bakonykuti.hu/bkhesz/BKTFK.pdf)

 
 

2. TELEPÜLÉSSZERKEZETI TERV
 

[BAKONYKÚTI TSZT Határozat és leírás](http://www.bakonykuti.hu/bkhesz/BKTSZTHAT.pdf)

 

[TSZT SZERKEZETI TERV](http://www.bakonykuti.hu/bkhesz/TSZTszt.pdf)

 

3. HELYI ÉPÍTÉSI SZABÁLYZAT
 

[BAKONYKÚTI HÉSZ](http://www.bakonykuti.hu/bkhesz/BKHESZ.pdf)

 

[HÉSZ 2.sz MELLÉKLET : SZT-1 Belterületi szabályozási terv](http://www.bakonykuti.hu/bkhesz/SZT1Belt.pdf)

 

[HÉSZ 3.sz. MELLÉKLET: SZT-2 Külterületi szabályozási terv](http://www.bakonykuti.hu/bkhesz/SZT2Kult.pdf)

 

[HESZ 3. függelék mintakeresztszelvenyek](http://www.bakonykuti.hu/bkhesz/BKHESZ3mkszelv.pdf)

 ## 
[TELEPÜLÉS ARCULATI KÉZIKÖNYV](http://www.bakonykuti.hu/rend/Bakonykuti_TAK.pdf)
 

 
## 
## TELEPÜLÉSKÉP VÉDELEM
 

Közérthetõ tájékoztató a településkép védelmérõl szóló rendelet módosításáról [itt](http://www.bakonykuti.hu/Hirdet/S25C-921111112011.pdf)! /2021.10.11/

 

 
## 
Tájékoztató a településkép védelmérõl szóló önkormányzati rendeletrõl és a települési fõépítész alkalmazásáról

[Megnyitás PDF-ben](http://www.bakonykuti.hu/Hirek/FoepiteszTajekoztato.pdf)
## 


Az eljárások szakszerû lefolytatása érdekében Bakonykúti Község Önkormányzata 2025. január 1-tõl települési fõépítészt foglalkoztat. A települési fõépítész elérhetõségei az alábbiak:

·         Név:           Eartl Antal

·         Telefon:      +36/70-385-0133

·         e-mail:        ertl.antal@feterv.hu

·         személyesen:        Székesfehérvár, Kassai utca 79. Irodában, előzetes egyeztetést követően. 


## 
",onkormanyzat/telepulesrendezesi-eszkozok-es-arculati-kezikonyv,2025-01-23T16:22:21.343Z
26,Elérhetőségek,"
Iszkaszentgyörgyi Közös Önkormányzati hivatal elérhetőségei:
- Telefon: 22-596-026 vagy 22-441-010
- E-mail: jegyzo@iszkaszentgyorgy.hu

Bakonykúti Önkormányzati hivatal elérhetőségei:
- Ügyfélfogadás kedden 08.00-12.00-ig
- Telefon: 22-596-026
- E-mail: polgarmester@bakonykuti.hu

		",onkormanyzat/elerhetosegek,2025-01-23T16:26:10.262Z
19,Iszkaszentgyörgyi Közös Önkormányzati Hivatal ,"
## **Iszkaszentgyörgyi Közös Önkormányzati hivatal ügyfélfogadása:**



Hétfõ: 13:00 – 15:30

Kedd : 08:00-12:00

Szerda: 08:00-12:00 és 13:00-15:30

Csütörtök: Nincs

Péntek: 8:00-12:00
 

## **Iszkaszentgyörgyi Közös Önkormányzati hivatal elérhetõségei:**

Telefon: 22-596-026 vagy 22-441-010

Fax: 22-596-027

E-mail: jegyzo@iszkaszentgyorgy.hu

 ## 

Bővebb információ a Közös Hivatal munkatársairól és ügyfélfogadási rendjéről itt található: https://iszkaszentgyorgy.hu/onkormanyzat/kozos-hivatal-munkatarsai-es-ugyfelfogadasi-rendje/ 
	",onkormanyzat/iszkaszentgyorgyi-kozos-onkormanyzati-hivatal,2025-01-23T16:29:48.203Z
16,Önkormányzati rendeletek,"
[Nemzei Jogszabálytár](https://or.njt.hu/onkorm/-:19:3678:-:-:1:-:-:-/1/10)

6/2022 rendelet

Személyes gondoskodást nyújtó szociális ellátások térítési díjainak változása

10/2021 rendelet

Személyes gondoskodást nyújtó szociális ellátások (egységes szerkezetbe foglalt)

		",onkormanyzat/onkormanyzati-rendeletek,2024-12-08T21:57:44.405Z
2,Látnivalók,"
### Vendéglátás és kirándulási lehetőségek

Bakonykútiban több vendégház várja a turistákat, akik nyugodt, természetközeli pihenésre vágynak. 
## 
A faluból számos kirándulási lehetőség kínálkozik:

- **Baglyas-hegy**: A környék legszebb panorámája nyílik innen.
- **Bogrács-hegy**: Kincsesbánya irányában található.
- **Burok-völgy**: Ritka természeti szépségű völgy, amelyet több helyen meredek sziklafalak határolnak.


---


### **Baglyas-hegy**

![kep](https://upload.wikimedia.org/wikipedia/commons/9/93/Turistaut.jpg)
## 
A 363 méter magas Baglyas-hegy tömbje, különösen távolabbról nézve, tűzhányóra emlékeztet. Ez a terület:

- Fehérlő réteghatároktól szeletelt falakkal,
- Mély horhosokkal,
- Keskenyre kopott gerincekkel,
- Leszakadozott, állat-formájú sziklákkal,
- Elvetélődött, elvonszolódott dolomit-tömbökkel, amelyek egy bizarr világot alkotnak.

A csúcsáról zavartalan körpanoráma nyílik:

- **Kelet felé**: Székesfehérvár.
- **Észak felé**: A Vértes egy része, például a Móri-árok, Csóka-hegy és Csókakő.
- **Nyugat felé**: A Bakony közeli részletei: Burok-völgy szájadéka, Tési-fennsík laposa, Keleti-Bakony magasabb régiói.

A tetőn található egy antennatorony és egy kopjafa, amelyet 1991-ben állítottak. Az évfordulóján, június végéhez eső szombaton, sok kiránduló zarándokol ide.

---

### **Burok-völgy**

A Burok-völgy Magyarország egyik legérdekesebb természetvédelmi területe. Ritka természeti jelenségekkel, botanikai és zoológiai érdekességekkel várja a látogatókat.

#### **Fekvése**

- A völgy a **Keleti-Bakonyban**, Fejér és Veszprém megye határán található.
- **Hossza**: Mintegy 12 km Királyszállástól Bakonykúti községéig.
- **Mélysége**: 50–90 méter, számos függőleges sziklafallal.
- **Szintkülönbsége**: Kb. 200 méter.

#### **Kialakulása és barlangjai**

- A völgy kanyon jellege **hasadásos eredetű**, nem folyóvízi erózió okozta.
- A felemelkedő kőzetréteg feszültsége töréseket és sziklaformációkat hozott létre.
- **Barlangok**: 42 barlangot tártak fel eddig, ezek többsége kicsi (átlagos hosszuk 5–8 méter).
    - **Ruska-zsomboly**: A legnagyobb barlang a Bükkös-árok mellett található, hossza 73 méter, mélysége 21 méter.

#### **Növény- és állatvilág**

- A völgy klímája eltér környezetétől: hűvösebb és párásabb, ami lehetővé tette jégkorszaki növényfajok fennmaradását, mint például:
    - **Havasi hagyma**
    - **Cifra nádtippan**
    - **Fürtös holdruta**
- Több mint 200 madárfaj figyelhető meg, közülük soknak fészkelőhelyet biztosít a völgy.

A Burok-völgy különlegessége, hogy Magyarország egyik egyedülállóan ősi állapotban megmaradt természetes erdeje. Ez a terület lehetőséget nyújt a természet regenerációs folyamatainak tanulmányozására.",bakonykuti/latnivalok,2025-01-13T15:55:29.674Z
9,Bakonykúti Környéke,"
### **Iszkaszentgyörgy** _(10 km)_

- **Kastély**
- **Katolikus templom**
- **Szent György Kápolna**
- **Csillaghegyi kilátó**
- **Kőpiramis**

### **Kincsesbánya** _(9 km)_

- **Bányász emlékhely**

### **Fehérvárcsurgó** _(11 km)_

- **Gaja-völgyi tájcentrum** _(7.6 km)_
    - Víztározó
- **Károlyi kastély**

### **Csókakő** _(19 km)_

- **Csókakői vár**

### **Bodajk** _(13 km)_

- **Segítő Szűz Mária kegytemplom**
- **Kálvária domb**
- **Szoborpark**
    ",bakonykuti/kornyekunk,2025-01-23T15:53:29.416Z
6,Bakonykúti Története,"
## Bakonykúti története a kezdetektől a falu újraalapításáig

**Az első ismert lakók nyomában Bakonykúti területén – rézkori és bronzkori telepek a falu határában**
## 
Bakonykúti közigazgatási területének legkorábbi régészeti lelőhelye a rézkorra (Kr. e. 4500–2800) tehető; Bakonykúti-puszta mellett, egy ma már csak időszaki vízfolyás keleti partján helyezkedett el.  Pattintott köveket, háztapasztás mintával díszített vastag töredékét, és kézzel formált edények töredékeit gyűjtötték össze régészek – az egykori telep földalatti maradványairól árulkodó felszíni nyomokként – egy 2014. évi terepbejáráson.
A középső bronzkori vatya kultúrába (Kr. e. 2000–1500) sorolható az a telep, amelynek a nyomaira 1981-ben egy mezőgazdasági mintavétel során figyeltek fel cseréptöredékek alapján a falu széli kőfeszület közelében, a Közép-dűlő nevű határrészen. Az István Király Múzeumból Jungbert Béla régész szállt ki a helyszínre, és megállapította, hogy 60-80 cm-es mélységből, egy bronzkori veremből kerültek a felszínre a korabeli kerámiatöredékek és állatcsontok. 2018 decemberében a Szent István Király Múzeum munkatársai felszíni leletgyűjtéssel határolták le a bronzkori telep kiterjedését.

## 
**A második magyar „régésznő”, gróf Zichy Paulina bakonykúti ásatása 1884-ben**
## 
Gróf Zichy Paulinát (1836–1890) a legutóbbi időkig méltatlanul elfeledte az utókor. 
## 
![Gróf Zichy Paulina](https://utfs.io/f/26L8Sk7UnuECsKKSMqzBglwcTmdj90FZsYR7yQuMS3OeJ4B1)
## 
Pedig a grófnő alig egy évtizeddel az első magyar régésznő, Torma Zsófia (1832–1899) tordosi feltárását követően – a Tróját felfedező Heinrich Schliemann kortársaként az európai régészet hőskorában – vezetett ásatást, és ezzel a második magyar ásatásvezető nőt tisztelhetjük benne. 1880-ban tudósított róla a Fehérvári Hiradó, hogy a „*fejérmegyei és Székesfejérvár Városi régiségtárt*” a nyár folyamán megtekintette a férjével, és igen nagy érdeklődéssel vizsgálta az ott levő régiségeket. 1884-ben pedig a Pesti Napló adott hírt arról a legbővebben, hogy „*Kuti pusztától nyugatra, mérsékelt emelkedésű halomnak éjszaki lejtőjén, gyönyörü ponton, mindennap reggeltől estélig egy főuri hölgyet látni, munkások nagy számától körülvéve. Fáradhatatlan türelemmel figyel, a munkásokkal munkálkodik maga is, megvizsgál behatóan minden cserepet, faragott követ, csontdarabot stb. Mert hát a főuri hölgy, Schläger Jánosné szül. gróf Zichy Paulina, a maga tulajdon birtokán, nagy költséggel ásat, a régiség tudománynak áldozik*”. Feltárta a középkori Kuti falu templomának romjait, amit a „*falu lakosainak szóhagyománya után indulva*” talált meg. Ez a „szóhagyomány” megőrizte az akkor már talán több mint három évszázada felhagyott, és pusztulásra ítélt templom helyét. A templom körüli temetőben is ásott, ahol „*számos csontváz vala, érdekes régi fegyverdarabok, pénzek, bronzgyürük, sarkantyuk stb.*”. 
## 
**Római villa a bakonykúti fennsíkon?**
## 
A grófnő ásatási munkásai a középkori templom körüli temetőtől néhány méterrel odébb akadtak „*római vizvezetőcsövekre*”, majd egy liliomos oszlopfőre, és vagy 18 vörösmárvány oszlopra. Utóbbiakról szinte biztosan kizárhatjuk, hogy egy középkori falusi templomhoz tartoztak volna, a leírás alapján sokkal inkább egy évezreddel korábban állott római villaépületet sejthetünk a közelben. A pazar kilátás és a forrásvíz közelsége tökéletesen alkalmas helyszín egy villagazdaság reprezentatív központi épületének. A római kori pezsgő életre utal a környezetében előkerült számos lelet is (például edénytöredékek, pénzérmék és ruhakapcsoló tűként használt ún. fibulák). Mindenesetre további kutatások gyarapíthatják majd a római kori lelőhelyről alkotott tudásunkat.
## 
**A bakonykúti-pusztai avar kori hölgy**
## 
Jóval a római világ letűnte után, a Kr. u. 567/568-ban Belső-Ázsiából érkező avarok uralma alatt egyesült a Kárpát-medence közel két és fél évszázadon át. Az egyébként igen harcias avarok tartós uralma megteremtette a békés belső fejlődés és gyarapodás lehetőségét, aminek eredményeképpen a Dunántúlon például sűrű, falusias településhálózat alakult ki. Talán egy tanyasias vagy kisebb falusias településen élhetett a 7. században az a nő is, akinek a sírja Bakonykúti-pusztán sértéshízlalda építésekor mindössze 50 cm-es mélységben látott napvilágot. Fülében ezüst nagygömbcsüngős fülbevalókat viselt, karját bronz karperec díszítette, és övéhez függesztve vaskést hordott.
## 
**A középkori Kuti falu újrafelfedezése**
## 
Gróf Zichy Paulina 1884-es bakonykúti ásatásából az utókornak a Pesti Napló tudósításán kívül semmi sem maradt fenn. Még az ásatás pontos helyszíne is feledésbe merült, és azt újra fel kellett fedezni. Az újrafelfedezésben nagy része volt Mihályi Attila múzeumbarát fémkeresős önkéntesnek, aki Lencsés Zsuzsanna, a Kormányhivatal régészeti felügyelőjének javaslatára kutatta át a gyanított területet, és egy késő középkori csillár bronz gyertyafoglalatára bukkant. 
## 
![KÉP2](https://utfs.io/f/26L8Sk7UnuECufbHLszmDBpZYSAVG1czbfeQOu9yK3WLdFln)
## 
A helyszínen egyúttal észrevették, hogy a dűlőút (akkor még egyúttal Kéktúra-útvonal) felszínét kőfalak keresztezik. Ezen fellelkesülve szerveztek a székesfehérvári Szent István Király Múzeum régészei a közösségi régészeti program önkénteseinek segítségével fémkeresős kutatást 2021-ben, amely a várakozásokat túlszárnyaló sikerrel végződött. Több tucatnyi középkori és római kori fémlelet, valamint marékszámra gyűjtött cseréptöredékek igazolták az egykor nyüzsgő életet e két korszakban a ma részben rétként, részben szántóföldként hasznosított fennsíkon. A fémkeresős kutatással párhuzamosan geofizikai (talajradaros és magnetométeres) felmérésre is sor került, aminek a kiértékelése szépen kirajzolta a középkori templom föld alatti falmaradványait. Sikerült tehát beazonosítani a forrásokban elsőként 1424-ben említett *Kwthy* falut, valamint az ismert középkori forrásokban nem is említett templomát.
## 
22023-ban kezdődött a hitelesítő ásatás Reich Szabina régésznő szakmai vezetésével, és a helyben élő Szücsi Frigyes régész közösségi régészeti koordinálásával, a bontómunka dandárját ugyanis az önkéntesek végezték. 
## 
![KÉP3](https://utfs.io/f/26L8Sk7UnuECYBe5Hqn5diVuyFRbKC6l9PrQOtLBvmwhEopq)
## 

Feltárták az ÉK–DNy tájolású templom ÉNy-i oldalának megmaradt alapozását, és fényt derítettek arra, hogy elkülöníthető két periódus a templom építéstörténetében. Az első, korai templom külső hossza 10,8 m, falszélessége 1,2 m volt. Téglalap alakú hajóval és egyenes szentélyzáródással rendelkezett. 
## 
![KÉP4](https://utfs.io/f/26L8Sk7UnuECSkosUXrBJwXMmcgpOnyY6qTPFChLG0Sl2ukN)
## 
Valószínűleg festett lehetett a belső fala, mert piros és rózsaszínű festésű vakolatdarabokra bukkantak. A második építési periódusban a templomhajót DNy-i irányban 5,4 méterrel kibővítették. Összesen nyolc melléklet nélküli temetkezés is napvilágot látott, többségében csecsemő-, illetve gyermekcsontvázak. 
## 
![KÉP5](https://utfs.io/f/26L8Sk7UnuEC23QYSOUnuECB16T3NaRGHbkgyItv9Smfci0q)
## 
Az egyik bolygatott koponya alatt S végű karikát találtak, ami felveti a lehetőségét, hogy a templom, s körülötte a temető (cinterem) akár már a kora Árpád-korban – tehát jóval a falu első ismert, 1424-es említése előtt – használatban volt.  
## 
**A „török vész” és az új kezdetek**
## 
A török hódoltság alatt rengeteget szenvedett az Oszmán Birodalom – főként magyar lakosságú – határvidéke, nem véletlenül látja több, a korszakkal foglalkozó kutató Trianon gyökereit ebben az időszakban. A háborús periódusok, a kettős adóztatás és a portyázásokból, hatalmaskodásokból adódó bizonytalanság, kilátástalanság eredményeképpen a középkori eredetű magyar falvak és templomaik jelentős részét felhagyták, a lakosság elpusztult vagy elmenekült. Így történt ez sajnos Kuti faluval és templomával is. 1559-ben a Palota uradalmához tartozó falut már lakatlan pusztaként említették.
## 
Egészen 1740-ig nincs arra nézve adat, hogy állandó lakosai lennének. Ettől függetlenül területét legelőnek, kaszálónak, erdeit sertések makkoltatására használhatták, ahogy erre 1716-ból már rendelkezünk forrással. A falu újraalapítására végül 1759-ben, az elpusztult középkori magyar falutól nyugatra, mintegy fél kilométeres távolságban, németajkú sváb telepesekkel került sor. Az új telepesek különböző környékbeli sváb falvakból, Sályról, Isztimérről, Bánhidáról, Fenyőfőről, Mórról, Palotáról, Pusztavámról, Szőnyből, Balinkáról, Tarjánból, Oszlopról és Csórról kerültek ide, de érkeztek távolabbról is (a bakonykúti történetét jegyző Degré Alajos szerint bizonyos Schrőd és Neuheysl nevű településekről).
## 
Az első katonai felmérés térképszelvényén (6. kép) már látható a felmérés készítése előtt (1782-1785) több mint két évtizeddel újraalapított település a mai Szabadság utca két oldalán, valamint a 8212. sz. út mentén a mai Szabadság utcától nagyjából a mai Ady Endre utcáig. 
## 
![KÉP6](https://utfs.io/f/26L8Sk7UnuECnZ1llaypuwvx56J1US2AQWgyPYTDO7XGiend)
## 
A település a 18. században még nem rendelkezett templommal, bár 1794-ben templomépítésbe kezdtek, az építmény azonban még az építkezés alatt összedőlt. 1810-re épült fel a római katolikus Nagyboldogasszony-templom, a lakosság ugyanis elenyésző töredék kivételével római katolikus volt. A második katonai felmérés (1819–1869) alapján a 19. században a falu a mai Ady Endre és Petőfi utcák irányába terjeszkedett.
## 
![KÉP7](https://utfs.io/f/26L8Sk7UnuECpe74Ug60tYOVN4SgU2xuoem6swRjIQKAFZBL)
## 

## 
A lakosság lélekszáma a 19. században érte el a mindenkori csúcsát. Magyarország történeti statisztikai helységnévtára szerint 1785-ben 397 fő, 1828-ban 588 fő, 1857-ben 571 fő, 1870-ben 557 fő, 1880-ban 526 fő, 1890-ben 527 fő, 1900-ban 396 fő lakta a falut, és a hozzátartozó Kútipusztát. A falutól északkeletre, Kútipusztával azonosítható építmények már az első katonai felmérés térképén (1782-85) láthatók, de a 19. század első felében kezdenek ide más gazdasági épületeket és cselédlakásokat építeni. 1910-ben 63-an éltek ott.
## 
![KÉP8](https://utfs.io/f/26L8Sk7UnuECnNakkPypuwvx56J1US2AQWgyPYTDO7XGiend)
## 
## A 20. század

Az első világháború Bakonykúti lakóitól is sok áldozatot kívánt. A harctereken hősi halált halt 15 bakonykúti lakos neve a katolikus templom előtt 1937-ben felavatott emlékművön szerepel (Haraszti Márton várpalotai kőfaragó mester alkotása).
## 
A második világháború borzalmai 1944. december 20-án értek Bakonykúti közelébe, amikor a Vörös Hadsereg Mór térségében a falu mintegy 15 km-es közelségébe került. A 6. gárda hadsereg harckocsidandárjai azonban csak március 19-én foglalták el Bakonykútit a német 6. SS-páncélos hadsereg erős ellenállása ellenére. Mivel a harcok viszonylag rövid ideig dúltak és a falu többször nem cserélt gazdát, ezért „csak” 5 ház vált lakhatatlanná, és további 5 ház, valamint a templom rongálódott meg. 
## 
A falu lakosságának megpróbáltatásai nem értek véget a második világégéssel. 1948 februárjától kitelepítették a német nemzetiségű lakosságának jelentős részét, 11 családot (31 főt) Németországba. Helyükre többek között felvidéki magyarokat telepítettek be a csehszlovák-magyar lakosságcsere következtében. 
## 
1948 áprilisiában történt, hogy Shvoy Lajos püspök nyilvános hitehagyás miatt kiközösítette Bakonykúti kommunista papját, Szittyay Dénest, ami miatt a kommunista propaganda országos sajtóbotrányt gerjesztett Shvoy Lajos püspök lejáratása céljából.
## 
1949-ben önálló tanácsú községgé alakult Bakonykúti. Iskolája a második világháború után 8 osztályos általános iskolaként működött egészen 1964-ig, amikor az iskolák körzetesítésével a felső tagozatos tanulók Isztimérre kerültek. A tanulók létszámának csökkenése miatt végül 1970-ben zárták be az alsó tagozatot. 
## 
   Összeállította: dr. Szücsi Frigyes
## Felhasznált irodalom
- A Fejér megyei németek kitelepítésének története, különös tekintettel Mórra és környékére. A helyi identitás és kohézió erősítése Móron, TOP-5.3.1-16-FE1-2017-00008, Magyar Műemléki Topográfia Nonprofit Kft. https://www.topografia.hu/_user/browser/File/top531%20tanulmanyok/A%20Fejér%20megyei%20németek%20kitelepítésének%20története.pdf letöltés időpontja: 2025. 03. 17.

- Degré Alajos: Bakonykúti. Fejér Megyei Történeti Évkönyv 13 (1979) 243–267.

- Kállay István – Kovacsics József: Magyarország történeti statisztikai helységnévtára – 13. Fejér megye. Budapest 1998, 41.

- Reich Szabina: Bakonykúti, Szentegyházi-dűlő (033/1–2 hrsz.) tervásatás. Alba Regia 51 (2023) 99–100.

- Szij Rezső: Várpalota. Fejezetek a város történetéből, Budapest 1960. [195–196. oldal]

- Szücsi Frigyes: Bakonykúti község, települési örökségvédelmi hatástanulmány, régészeti munkarész, Bakonykúti 2018.

- Varga Mátyás: A Szittyay-eset. Egy rendhagyó kísérlet a katolikus egyház és az állam közti viszony rendezésére (1948). Székesfehérvár 2023.

- Zichy Paulina. krudylib.hu, Krúdy Gyula Városi Könyvtár, Várpalota. http://www.krudylib.hu/wiki/zichy-paulina letöltés időpontja: 2024. 05. 04.

-  I. világháborús emlékművek (Bakonykúti). https://mnl.gov.hu/mnl/fml/i_vilaghaborus_emlekmuvek_bakonykuti letöltés időpontja: 2025. 03. 17.


    
",bakonykuti/tortenet,2025-03-23T05:57:42.485Z
30,Szabályzatok,"
1. [Számviteli politika](http://bakonykuti.hu/szabalyzat/1_Szamviteli_politika_%202020_1_.01.pdf ""Klikk a megnyitáshoz"")

2. [Számlarend](http://bakonykuti.hu/szabalyzat/2_Szamlarend_2020_11_.01.pdf ""Klikk a megnyitáshoz"")

3. [Bizonylat](http://bakonykuti.hu/szabalyzat/3_Bizonylati_szabalyzat_2020_11_01.pdf ""Klikk a megnyitáshoz"")

4. [Gazdálkodás](http://bakonykuti.hu/szabalyzat/4_Gazdalkodasi_2020_11_01.pdf ""Klikk a megnyitáshoz"")

5. [Pénzkezelés](http://bakonykuti.hu/szabalyzat/5_Penzkezelesi_szabalyzat_2020_11_01.pdf ""Klikk a megnyitáshoz"")

6. [Leltározás](http://bakonykuti.hu/szabalyzat/6_Leltarozasi_szabalyzat_2020_11_01.pdf ""Klikk a megnyitáshoz"")

7. [Értékelés](http://bakonykuti.hu/szabalyzat/7_Ertekelesi_szabalyzat_2020_11_01.pdf ""Klikk a megyitáshoz"")

8. [Selejtezés](http://bakonykuti.hu/szabalyzat/8_Selejtezesi_szabalyzat_2020_11_01.pdf ""Klikk a megnyitáshoz"")

9. [Önköltség számítás](http://bakonykuti.hu/szabalyzat/9_Onkoltseg_szamitasi_szabalyzat_2020_11_01.pdf ""Klikk a megnyitáshoz"")

10. [Telefon](http://bakonykuti.hu/szabalyzat/10_Telefon_szabalyzat_2021_01_01.pdf ""Klikk a megnyitáshoz"")

11. [Közérdekû adatok](http://bakonykuti.hu/szabalyzat/11_Kozerdeku_adatok_szabalyzat.pdf ""Klikk a megnyitáshoz"")

12. [Reprezentáció](http://bakonykuti.hu/szabalyzat/12_Reprezentacios_szabalyzat_2021_01_01.pdf ""Klikk a megnyitáshoz"")

13. [Kiküldetés](http://bakonykuti.hu/szabalyzat/13_Kikuldetesi_szabalyzat_2021_01_01.pdf ""Klikk a megnyitáshoz"")

14. [Belsõ kontroll](http://bakonykuti.hu/szabalyzat/14_Belso_kontroll_2021_04_01.pdf ""Klikk a megnyitáshoz"")

15. [Beszerzés](http://bakonykuti.hu/szabalyzat/15_Beszerzesi_2020_11_01.pdf ""Klikk a megnyitáshoz"")

[Adatkezelési tájékoztató KÖH](http://bakonykuti.hu/szabalyzat/Adatkezelesi_tajekoztato_KOH.pdf ""Klikk a megnyitáshoz"")

[Adatvédelmi szabályzat](http://bakonykuti.hu/szabalyzat/Adatvedelmi_szabalyzat_2020_08_01.pdf ""Klikk a megnyitáshoz"")

[Közzétételi lista](http://bakonykuti.hu/szabalyzat/KozzetetelLst.pdf ""Klikk a megnyitáshoz"")
		",onkormanyzat/szabalyzatok,2024-12-09T20:28:25.921Z
39,Iszkaszentgyörgyi Szociális Intézményi Társulás,"## Iszkaszentgyörgyi Szociális Intézményi Társulás (ISZIT)


Információ: https://iszkaszentgyorgy.hu/intezmenyek/iszkaszentgyorgyi-szocialis-intezmenyi-tarsulas-iszit/",intezmenyek/iszkaszentgyorgyi-szocialis-intezmenyi-tarsulas,2024-12-29T12:49:43.462Z
33,Helyi Esélyegyenlőségi Program,"
Az Egyenlő Bánásmód Hatóság feladata a diszkriminációval okozott jogsértések kivizsgálása és megszüntetése.


## 

Bakonykúti Helyi Esélyegyenlőségi Programja megtekinthető [ITT](http://www.bakonykuti.hu/HEP/BK_HEP.pdf)


		",onkormanyzat/helyi-eselyegyenlosegi-program,2024-12-30T12:37:48.908Z
36,Pályazatok,"## Magyar Falu Program
 
 ![Magyar Falu Program](https://utfs.io/f/26L8Sk7UnuECxbds1Im6US9lW2db5o0YcJV4Xyum8ekwHTvx)

## 
Bakonykúti Község Önkormányzata a Magyar Falu Program keretében 2022-ben meghirdetett „**Közösségszervezéshez kapcsolódó eszközbeszerzés és közösségszervezõ bértámogatása – 2022**” címû, **MFP-KEB/2022** kódszámú pályázati kiírásra benyújtott pályázatára **1.762.800** Ft. vissza nem térítendő támogatásban részesült.
 ## 
Bakonykúti Község Önkormányzata a Magyar Falu Program keretében „**Közösség szervezéshez kapcsolódó eszközbeszerzés és közösségszervező bértámogatása**” **MFP-KEB/2021** pályázati kiírásra benyújtott pályázatára **1.517.670** Ft. vissza nem térítendő támogatásban részesült.
##  
Bakonykúti Község Önkormányzata a Magyar Falu Program keretében meghirdetett, „**Orvosi rendelők fejlesztése-2020**” címû pályázati kiírásra benyújtott pályázatára **29.761.013** Ft. vissza nem térítendő támogatásban részesült. 
 
## 
Bakonykúti Község Önkormányzata a Magyar Falu Program keretében meghirdetett „Nemzeti és helyi identitástudat erősítése” pályázati kiírásra benyújtott pályázatára 1.398.150 Ft. vissza nem térítendő támogatásban részesült.

 
## 
Bakonykúti Község Önkormányzata a Magyar Falu Program keretében meghirdetett „**Orvosi eszköz beszerzése**” pályázati kiírásra benyújtott pályázatára **2.967.878** Ft. vissza nem térítendő támogatásban részesült.

 
## 
Bakonykúti Község Önkormányzata a Magyar Falu Program keretében meghirdetett „**Temetõ fejlesztése**” pályázati kiírásra benyújtott pályázatára **4.908.993** Ft. vissza nem térítendő támogatásban részesült.

 
## 
Bakonykúti Község Önkormányzata a Magyar Falu Program keretében meghirdetett,
""**Közösségi tér ki- /átalakítás és foglalkoztatás - 202**0""  címû pályázati kiírásra benyújtott
pályázatára **1.484.730** Ft. támogatásban részesült.

 

## 
Bakonykúti Község Önkormányzata által a
 „**TELEPÜLÉSI KÖNYVTÁRAK SZAKMAI ESZKÖZFEJLESZTÉSÉRE, KORSZERÛSÍTÉSÉRE**” benyújtott pályázatára a **KÖZGYÛJTEMÉNYEK KOLLÉGIUMA 022/204/19** számú döntése végrehajtásaként az Emberi Erõforrás Támogatáskezelõ a Nemzeti Kulturális Alap terhére **2.158.784** Ft. vissza nem térítendõ támogatást folyósít.
A támogatás utalásának várható idõpontja: 2019. 12. 19.
 
##  

## **Tájékoztató a KÖFOP-1.2.1-VEKOP-16 Csatlakoztatási konstrukció az önkormányzati ASP rendszer országos kiterjesztéséhez címû pályázatról**

 

A kedvezményezett neve: Iszkaszentgyörgy Község Önkormányzata

A támogatás összege: **5.988.840** Ft, támogatási intenzitás: 100%

A projekt azonosító száma: KÖFOP-1.2.1-VEKOP-16-2017-01004

Támogatói okirat kelte: 2017. május 3.

A projekt megvalósításának befejezése: 2018. június 30.

 

Iszkaszentgyörgy Község Önkormányzata 2017. februárban nyújtotta be pályázatát a KÖFOP-1.2.1-VEKOP-16 Csatlakoztatási konstrukció az önkormányzati ASP rendszer országos kiterjesztéséhez címû felhívásra.

A támogatási döntés alapján az önkormányzat **6 millió** Ft vissza nem térítendő támogatásban részesült Magyarország Kormánya és az Európai Unió által. A projekt célja az egységesített önkormányzati elektronikus ügyviteli megoldások bevezetése 
országos szinten, az egyes települési önkormányzatok az Önkormányzati ASP központhoz történő csatlakozásának megvalósításával. A támogatás segítségével beszerzésre kerül 6 db, az ASP rendszer követelményeinek megfelelő hardverrel és szoftverekkel rendelkező számítógép, 1 db laptop, 7 db monitor és 7 db kártyaolvasó; utóbbi eszköz lehetővé teszi az elektronikus személyi igazolvánnyal történő belépést az ügyintézéshez az ügyfelek részéről is. Az eszközök beszerzésén túl megvalósul az elektronikus ügyintézés feltételeinek kialakítása és ehhez kapcsolódóan az önkormányzati rendeletek felülvizsgálata, a szabályzatok aktualizálása, továbbá a szakrendszerek adatainak az ASP központi rendszerbe történõ migrációja. A projekt biztosítja az Iszkaszentgyörgyi Közös Önkormányzati Hivatal dolgozóinak a 
Magyar Államkincstár Fejér Megyei Igazgatósága által szervezett oktatásokon való részvétel útiköltségét, a kötelezõ nyilvánosság biztosításának költségeit, valamint a projektmenedzsment díját. 

##  

Székesfehérvár sikeresen pályázott ""**Az alapellátás és népegészségügy rendszerének átfogó fejlesztése - népegészségügy helyi kapacitás fejlesztése**""címû pályázatra.

A pályázat célja a székesfehérvári járásban a Lelki Egészség Központtal kibővített Egészségfejlesztési Iroda kialakítása.
2018. szeptember elsejétõl az Egészségfejlesztési Iroda megkezdi működését.

Átfogó céljuk a járásban élők egészségi állapotának javításával a születéskor várható élettartam és az egészségben eltöltött életévek számának növelése, továbbá a lakosság egészségtudatosságának, egészségkultúrájának fejlesztése prevenciós közösségi programok és egyéni tanácsadások megvalósításával.

 
## 
Egészségfejlesztési Iroda központi email címe:
 
efi@efi.szekesfehervar.hu
 

Egészségfejlesztési Iroda vezetõ email címe: 

hujber.anita@efi.szekesfehervar.hu

 

Humán Szolgáltató Intézet központi email címe:

titkarsag@humanszolg.hu

 
## 
## Tájékoztató Levél a járás településeinek:
http://www.bakonykuti.hu/Hirek/Egeszsegfejlesztesi_Iroda.pdf

## 

2018.08.28

Marics József

polgármester

	",onkormanyzat/palyazatok,2024-12-31T08:46:40.944Z
56,Kéményellenőrzés és -tisztítás,"
## Tájékoztató Kéményseprésről

 

2023.01.20-tól Fejér vármegye területén – az ország jelentős részével azonos módon – a BM OKF Gazdasági Ellátó Központ (a továbbiakban: GEK) látja el a kéményellenőrzési és –tisztítási tevékenységet a lakosság körében.

 
## 
Tájékoztató megnyitása: http://www.bakonykuti.hu/Hirek/Kemenysepres_2024.pdf

",kozerdeku/kemenyellenorzes-es-tisztitas,2024-12-29T11:31:36.968Z
57,Ügyfélfogadás,"
WIP

		",onkormanyzat/ugyfelfogadas,2024-12-09T20:49:41.590Z
49,Vedőnő,"

## Védőnői Tanácsadás

**Gál Diána védőnő**

Tel.: 06-30/633-8716
## 
Kedd Iszkaszentgyörgyön:
- Csecsemő tanácsadás: 09:00 – 11:00
- Várandós tanácsadás: 13:00 – 15:00

Csütörtök (páratlan héten)
- Bakonykútiban: 09:30 – 10:30
",egeszsegugy/vedonoi-ellatas,2025-02-24T10:20:27.447Z
5,Bemutatás,"Bakonykúti község Fejér vármegye legkisebb önálló települése, a Kelet-Bakony hegység lábánál, a Burok-völgyi természetvédelmi terület mentén, csodálatos természeti környezetben fekvő zsákfalu. Környékén 300 méter feletti magaslatok is találhatók, melyekről a település felé eső lejtők meredekek. Közúton az Isztimér községhez tartozó Guttamásin keresztül Iszkaszentgyörgy, Kincsesbánya és Fehérvárcsurgó felől közelíthető meg, a megyeszékhely Székesfehérvár 18 km-re található.
## 
Bakonykúti lakossága a múlt században a mindenkori társadalmi és gazdasági változások tükörképeként folyamatosan csökkent, 2000-ben már csak 104 lakos élt a faluban. Örvendetes, hogy az ezredfordulót követően megfordult ez a folyamat, és azóta a lakosság növekedése figyelhető meg. Kezdetben elsősorban a hétvégi házak szaporodtak, és egyre inkább pihenőfaluvá vált a település, de ma már egyre többen választják otthonuknak Bakonykútit, így az ingatlanok többségében állandó lakosok élnek. Ezt jelzi az igényesen felújított régi parasztházak és az új építésű lakóházak számának növekedése. Napjainkban már 170 állandó lakosa van településünknek, de a korábbi német nemzetiségi lakosságnak csak töredéke maradt, lakóink döntő többségét az elmúlt években a városokból, elsősorban Székesfehérvárról kiköltöző családok alkotják.
## 
A falu önállósága 1970-ben megszűnt, ettől kezdődően az Isztiméri Tanács fennhatósága alá került Bakonykúti, ezzel együtt az általános iskolája is bezárt. Az önállóságát a rendszerváltást követő első szabad önkormányzati választások során 1990-ben nyerte vissza. Bakonykúti Önkormányzata kezdetben Isztimér Önkormányzatával hozott létre Körjegyzőséget, majd 2008-tól Iszkaszentgyörgy Önkormányzatával Körjegyzőséget, végül közös önkormányzati hivatalt, amelyhez 2025. január 1-től Csór Önkormányzata is csatlakozott, így már ez a három település alkotja jelenleg az Iszkaszentgyörgyi Közös Önkormányzati Hivatalt.
## 
A község belterülete 39 hektár, amelyen jelentős zöldterületek is találhatók. A település összes belterületi útja szilárd burkolatú. A közművek a szennyvízcsatornázás kivételével kiépítettek. A kiváló minőségű vezetékes ivóvizet saját 120 méter mély kút és vízműhálózat biztosítja.
## 
A település mellett található a Magyar Honvédség Csapatgyakorlótere, amely Közép-Európa legnagyobb egybefüggő katonai területe. Mindez okoz néhány zajosabb napot a környéken, ugyanakkor a terület viszonylagos zártsága miatt csökkent az értékes élőhelyek pusztulása, ezért számos védett állat és növény talált itt menedéket. A Magyar Honvédség havonta értesítést küld az önkormányzat részére a következő hónap katonai kiképzési tevékenységeiről, így a lakosság és a turisták a honlapunkon egyaránt tájékozódni tudnak a várható zajhatásokról és korlátozásokról.
## 
Az alacsony lakosságszám miatt Bakonykútiban élelmiszerbolt nem működik. A lakosság ellátását kenyérrel és pékáruval heti három alkalommal mozgóbolt biztosítja. Főként a túrázók kiszolgálását biztosítja egy a falu szélén, a kéktúra útvonalán található időszakosan nyitvatartó kerthelyiség, ahol a túrázó megpihenhet, ételt és italt vásárolhat. Bakonykútit nemcsak az Országos Kéktúra útvonalán áthaladó bakancsos turisták keresik fel, hanem sokan több napot is szívesen töltenek el ebben a hangulatos környezetben, ezért ma már több falusi vendégház is várja szolgáltatásaival a látogatókat a településen.

    ",bakonykuti/bemutatas,2025-01-20T08:24:28.308Z
37,Választás,"## Önkormányzati és EP Választások 2024

### Választási eredmények

- **Polgármester választás eredménye** [(PDF)](url)
- **Képviselő választás eredménye** [(PDF)](url)

---

### Jóváhagyott Szavazólapok

- **Polgármester választás szavazólap** [(PDF)](url)
- **Képviselő szavazólap** [(PDF)](url)

---

### Önkormányzati Választások 2024 Nyilvántartásbavétel és Sorsolás

#### **Sorsolás**

- **Polgármester sorsolás** [(PDF)](url)
- **Képviselő sorsolás** [(PDF)](url)

#### **Nyilvántartásbavétel**

- **Szalmási Korinna** [(PDF)](url)
- **Marics József** [(PDF)](url)
- **Krizsán Attila** [(PDF)](url)
- **Mészáros Imola Katalin** [(PDF)](url)
- **Talabérné Fodor Éva** [(PDF)](url)
- **Kasztiné Körmöczi Nóra** [(PDF)](url)
- **Pató Ágnes** [(PDF)](url)
- **Volkensdorfer Istvánné** [(PDF)](url)
- **Márkus Erika** [(PDF)](url)
- **Kurjancsek László** [(PDF)](url)
- **Horel Ágota** [(PDF)](url)

---

### Tájékoztató választópolgároknak

- **Az Iszkaszentgyörgyi Helyi Választási Iroda Vezetőjének 2/2024. (IV.04.) számú közleménye**

#### **Helyi Választási Iroda vezetőjének határozata a képviselők számáról**

- **2/2023. (10.24.) HVI Vezetői Határozat**",onkormanyzat/valasztas,2024-12-21T12:04:15.909Z
52,Honvédség,"## Bakonykúti Kiképző Bázis 


![alt WIP](https://utfs.io/f/26L8Sk7UnuECwcWT6w9heWP5jZyfGnp24M8Jrbm0t9vNAFka)
## 
Legfrissebb lőtéri értesítő: http://www.bakonykuti.hu/loter/Loter202502.pdf
		",kozerdeku/magyar-honvedseg-boszormenyi-geza-csapatgyakorloter-parancsnoksag,2025-01-23T10:35:41.053Z
42,Iszkaszentgyörgyi Vackor Óvoda – Mini Bölcsőde és Konyha,"## Iszkaszentgyörgyi Vackor Óvoda – Mini Bölcsőde és Konyha

Cím: 8043 Iszkaszentgyörgy, Mándi Márton István tér 2

## 
**Intézményvezető:** Polyák-Ruff Mónika

Telefon: (22)612-472

Gazdasági iroda: (22)612-479
## 
Email:  
iszka.vackorovi@gmail.com 

iszka.ovoda@gmail.com
## 

További információ: https://iszkaovi.hu/

		",intezmenyek/iszkaszentgyorgyi-vackor-ovoda-es-konyha,2024-12-29T12:46:16.739Z
43,Bakonykúti Közösségi Ház és Könyvtár,"## Bakonykúti Közösségi Ház és Könyvtár
## Nyitvatartási idő



Csütörtök  		13:00 – 17:00

Péntek 		08:00 – 12:00

illetve előzetes időpont-egyeztetéssel: +36/30-129-3691 (Mészáros Imola), valamint a programok ideje alatt.

		",intezmenyek/kozossegi-haz-es-konyvtar,2025-01-23T16:38:26.684Z
41,Iszkaszentgyörgyi Általános Iskola,"## Iszkaszentgyörgyi Általános Iskola

8043 Iszkaszentgyörgy, Kastély u. 8.  
Tel.: +36 22 596 191  
Email: titkar@iszkaiskola.hu

Nyitvatartási idő:
07:00 – 18:00
## 
Weboldal: https://iszkaiskola.hu/
",intezmenyek/iszkaszentgyorgyi-altalanos-iskola,2024-12-29T12:56:59.313Z
55,Telekom,"
## Telekom 

https://www.telekom.hu/lakossagi/ugyintezes/ 

		",kozerdeku/telekom,2024-12-29T11:25:26.539Z
47,Fogászat,"## Fogorvosi rendelés:

Fogorvos: Dr. Óvári Péter

Fogorvosi asszisztens: Balogh Enikõ



## 
Fogászati bejelentkezés telefonszáma:

+36 30 496 3989

|    Rendelő    |  Rendelési Napok |Rendelési idő | 
| ------------------- | ------------- |------------- |
| Iszkaszentgyörgy       | Hétfõ (Magánrendelés) |13-19 (19-20) |
|Kincsesbánya        | Kedd (Magánrendelés) | 8-14 (14-15) |
| Kincsesbánya       | Szerda (Magánrendelés)     |13-19 (19-20) |
|Iszkaszentgyörgy           | Csütörtök (Magánrendelés)| 8-14 (14-15) |
|Iszkaszentgyörgy           | Csütörtök rendelési időn belül gyermek- és iskolafogászat| 8-10 |
| Kincsesbánya| Péntek (Magánrendelés)     |8-14 (14-15) |
|Kincsesbánya           | Péntek rendelési időn belül gyermek- és iskolafogászat| 8-10 |",egeszsegugy/fogaszati-rendeles,2024-12-29T13:20:43.102Z
50,Vérvétel,"
## Vérvétel 

Iszkaszentgyörgy Orvosi rendelőben csütörtökönként egyeztetett időpontfoglalás után. 
Időpontot foglalni a Dr. Rumann Hildegard házi orvosnál lehet kérni az iszkarendelo@gmail.com email címen vagy rendelési időben telefonon. 

Előzetes bejelentkezés szükséges

		",egeszsegugy/vervetel,2025-01-23T16:54:13.168Z
46,Háziorvos és orvosi ügyelet,"
## Háziorvosi ellátás 

  

Háziorvos:          Dr. Rumann Hildegard

  

Helyettes háziorvos hétfőnként: Dr. Nap Ágnes

  

Asszisztens:       Somogyiné Fodor Melinda

  
## 
**Orvosi rendelő**

  

8043 Iszkaszentgyörgy, Kossuth tér 1.- Egészségház,Tel.: (22) 440-105

  

8046 Bakonykúti, Szabadság u. 41. Tel.: (22) 595-000

| Rendelési idő  | Iszkaszentgyörgyön | Bakonykútiban |
| -------------- | ------------------ | ------------- |
| Hétfő          | 13.00-14.30        | -             |
| Kedd           | 09.00-13.00        | -             |
| Szerda         | 8.00-11.30         | 12.15-14.30   |
| Csütörtök      | 14.00-18.00        | -             |
| Péntek         | 11.00-13.00        | -             |


Dr. Rumann Hildegard háziorvos elérhetősége sürgős esetekben munkanapokon 8.00-16.00 óráig: 20-471-7179 telefonszámon.

  

A rendelésre előzetes bejelentkezés szükséges telefonon vagy e-mail-ben.

  

Elérhetőségek: 440-105 illetve 06-20-471-7179

  

E-mail: iszkarendelo@gmail.com

  

Munkanapokon 16 óra után, valamint hétvégén és ünnepnapokon Székesfehérváron a Városkörnyéki Ügyeleten vehető igénybe az orvosi ellátás.

  

## Központi Orvosi Ügyelet:

2024. február 1. napjától az ügyeleti feladat ellátásáról az Országos Mentőszolgálat gondoskodik az alábbiak szerint:

**Felnőtt ügyelet:**

Fejér Vármegyei Szent György Egyetemi Oktató Kórház Sürgősségi Osztálya (Székesfehérvár, Hunyadi u. 2. SBO
belépési pont) 2067-es számú rendelő

**Telefon: 1830**
##  
Rendelési idő:

Hétköznap 16:00-22:00 óra között, illetve hétvégén és ünnepnapokon 08:00-14:00 óra között
## 
**Gyermekorvosi ügyelet:**

**Telefon: 1830**

Fejér Vármegyei Szent György Egyetemi Oktató Kórház Gyermekambulancia mellett (Seregélyesi út) gyermek
ügyeleti rendelők

**Telefon: 1830**

Hétköznap 16:00-22:00 óráig, hétvégén és ünnepnapokon 08:00-20:00 óráig.
## 
**Sürgősségi ügyelet vagy mentőellátás:**

Hétköznap 22:00-08:00 óráig, hétvégén és ünnepnapokon 14:00-08:00 óráig

Székesfehérvár, Hunyadi u. 2. (SBO belépési pont)  
",egeszsegugy/haziorvosi-ellatas,2025-01-30T15:44:07.835Z
53,DRV,"
## A DRV Zrt. ügyfélszolgálatának elérhetőségei:

## Telefonos elérhetőség
**Hibabejelentés**:	

+36 80 240 240, 1-es menüpont	0:00–24:00

Ingyenesen hívható telefonszám:

+36 80 240 240

## 
Munkanapokon

7:30-tól 15:30-ig,
csütörtökön 20.00-ig

Faxszám:

+36 84 501 299

 

Külföldről hívható telefonszám:

+36 84 999 240

Minden nap
0:00–24:00


Elektronikus levélcím:

ugyfelszolgalat@drv.hu

 
## 
**További információ:**

https://www.drv.hu/elerhetosegeink
## 
## Szennyvíz szippantásának megrendelése 
## 
2025 szeptember 30-ig hívható: 
+36/30/385-0684",kozerdeku/drv,2025-01-23T16:46:18.487Z
54,E-On,"
## Közvilágítási hibabejelentő telefonszám

## **E-On**

06-80-533-533

Észak-dunántúli régió

## Mit tegyek, ha közvilágítási hibát észlelek?

Az élet- és vagyonvédelmet veszélyeztető hibákat  telefonon jelentse be. Jellemző élet és vagyonvédelmet veszélyeztető közvilágítási hibák: ki- és megdőlt lámpaoszlop; hiányzó kandeláber ajtó; megrongált/lógó lámpabúra.


Közvilágítási hibát telefonon vagy online ügyfélszolgálaton jelenthet be. A pontos hibafeltárás miatt lépjen be online ügyfélszolgálatra, és válasza ki a hiba típusát.

## Milyen információkat szükséges megadnia a sikeres hibaelhárításhoz?
Pontosan hány lámpát érint a meghibásodás?
Amennyiben több lámpa hibásodott meg, hogyan helyezkednek el egymáshoz képest? Például egymás mellett 2 db lámpa, vagy minden második lámpa?
Milyen utcaszakaszon áll fenn a probléma? Például több lámpa  meghibásodása estén Település név, Utca név házszám tól-ig
Kossuth utca 78-tól 102-ig
Mikor észlelte a hibát?
Elérhetőségei, melyen kollégáink kereshetik esetleges hibapontosítás céljából: név, telefonszámot, emailcím

## További információ: 
https://www.eon.hu/hu/lakossagi/elerhetosegek/bejelentesek/hibabejelentes/hibabejelentes-aram/kozvilagitasi-hiba.html",kozerdeku/e-on,2024-12-29T11:22:57.078Z
61,Akadálymentesitési Nyilatkozat,"## **AKADÁLYMENTESÍTÉSI NYILATKOZAT**
## 
A Bakonykúti Önkormányzat elkötelezett amellett, hogy honlapját a közszférabeli szervezetek honlapjainak és mobilalkalmazásainak akadálymentesítéséről szóló 2018. évi LXXV. törvény szerint akadálymentessé tegye.
## 
Ezen akadálymentesítési nyilatkozat a https://www.bakonykuti.hu -ra vonatkozik.
## 
## MEGFELELŐSÉGI STÁTUSZ

Ez a honlap teljes mértékben megfelel a közszférabeli szervezetek honlapjainak és mobilalkalmazásainak akadálymentesítéséről szóló 2018. évi LXXV. törvénynek.
## 
## AZ AKADÁLYMENTESÍTÉSI NYILATKOZAT ELKÉSZÍTÉSE

E nyilatkozat 2025.02.27-én a Bakonykúti Önkormányzat által végzett önértékelés alapján készült.

## VISSZAJELZÉS ÉS ELÉRHETŐSÉGEK
A honlap esetleges megfelelőségi hiányosságait a polgarmester@bakonykuti.hu, illetve a polgármesteri Hivatal, Szabadság Utca 41. 8046 címen jelezheti.
Az akadálymentesítésért és a kérések feldolgozásért felelős szervezeti egység a Bakonykúti Önkormányzat.
##  
Jelen akadálymentesítési nyilatkozatot jóváhagyta:

Marics József

polgármester
## ",onkormanyzat/akadalymentesitesi-nyilatkozat,2025-02-28T15:27:34.470Z
40,Iszkaszentgyörgyi Szociális Alapszolgáltatási Intézmény,"## Tájékoztató az Iszkaszentgyörgyi Szociális Alapszolgáltatási Intézmény szolgáltatásairól 
 
Az Iszkaszentgyörgyi Szociális Alapszolgáltatási Intézmény, amely Iszkaszentgyörgyön, a Rákóczi u. 48. szám alatt található, a Bakonykúti településen élő lakosság számára az alábbi szociális és gyermekjóléti alapellátásokat biztosítja:

1. Szociális étkeztetés, 
1. Házi segítségnyújtás, 
1. Idősek  nappali ellátása helyileg Iszkaszentgyörgy településen
1. Család- és gyermekjóléti szolgálat 

## ÉTKEZTETÉS:

Ki igényelheti az étkeztetést?
## 
Az étkeztetés keretében azoknak a legalább napi egyszeri meleg étkezéséről tudunk gondoskodni, akik azt önmaguk, illetve eltartottjaik részére tartósan vagy átmeneti jelleggel nem képesek biztosítani, különösen
koruk,
- egészségi állapotuk,
- fogyatékosságuk, pszichiátriai betegségük,
- szenvedélybetegségük, vagy
- hajléktalanságuk miatt.
## 
Az ételt az Iszkaszentgyörgyi Vackor Óvoda konyhájáról szállítjuk a településre. 

Az étel kiszállítás munkanapokon 11:30-tól -13:30 óráig történik.

Az étkeztetés - jövedelemtől függően- térítési díjhoz kötött. A jelenleg érvényes térítési díj: 1325,- Ft/adag házhozszállítással.

## HÁZI SEGÍTSÉGNYÚJTÁS:
A házi segítségnyújtás alapvető gondozási és ápolás körébe tartozó feladatokat lát el.

Olyan gondozási forma, amely az igénybe vevő önálló életvitelének fenntartását – szükségleteinek megfelelően – otthonában, lakókörnyezetében biztosítja.
## 
**Miben tudunk segítséget nyújtani?**

- A személyi és lakókörnyezeti higiéné megtartásában (fürdetés, mosdatás, hajmosás, körömápolás, ruházat mosása, vasalása, takarítás, mosogatás, porszívózás, a vizes helyiségek rendbetétele, a napi életvitelhez tartozó rend fenntartása)
- Közreműködés a háztartási feladatok ellátásában (bevásárlás, főzés előkészítése, hivatalos ügyek intézése, csekkek feladása, növényápolás segítése)
- A háziorvos által előírt gondozási, alapápolási feladatok ellátásában (gyógyszer felíratás, kiváltás, adagolás, ellenőrzés, a segédeszközök felíratása, kiváltása, használatuk elsajátításának segítése, pelenkázás, öltöztetés, az étkezés segítése, diéta betartatása, vérnyomás- és vércukorszint-mérés, folyamatos kapcsolattartás a háziorvossal, szükség esetén a szakorvosi ellátásokra beutaló kérése, séta szervezése az erőnléti állapot fenntartása céljából)
- A házi segítségnyújtás igénybevétele önkéntes, viszont térítési díjhoz kötött, jövedelemtől függően: 90-270,- Ft/óra.

## IDŐSEK NAPPALI ELLÁTÁSA:

A nappali ellátás célja pótolni a hiányzó családi gondoskodást, fizikai, mentális és pszicho- szociális segítséget nyújtani az otthonukban élő, önmaguk ellátására részben képes 18. életévüket betöltött személyek számára.

## 
**Mit biztosítunk az ellátás keretében?**

- napközbeni tartózkodást,
- társas kapcsolatok kialakítását,
- az alapvető higiéniai szükségletek kielégítését,
- szabadidős programokat (társasjátékok, zenehallgatás, filmvetítés, zenés-táncos délutánok, kirándulás, felolvasás, torna),
- napi 3x-i étkezést,
- egészségügyi alapellátáshoz vagy szakellátáshoz való hozzájutás segítése (gyógyszerek felíratása, kiváltása; időpont kérése; szükség esetén egészségügyi intézménybe szállítás, kísérés),
- hivatalos ügyek intézése (kérelmek, nyomtatványok kitöltése, postai ügyek intézése),
- életvitelre vonatkozó tanácsadás, életvezetés segítése,
- szükség esetén más szociális alapellátáshoz való hozzájutás segítése (pl. házi segítségnyújtás),
- egészségnevelés, mentális gondozás,
- felvilágosító, egészségügyi előadások szervezése,
- tisztálkodási, mosási, vasalási, varrási lehetőség,
- televízió, rádió, CD lejátszó használat. Újság (heti- és napilapok), könyvek, társasjátékok biztosítás,
- rendszeres vérnyomás és testsúlymérés. 
- rendezvények, ünnepek szervezése, munkavégzés lehetőségének szervezése,
- speciális önszerveződő csoportok támogatása, működésének, szervezésének segítése.

Az idősek nappali ellátása helyileg az Iszkaszentgyörgy, Rákóczi u. 48. szám alatti intézményünkben található. Az igénybevétel ingyenes, a szállításban igény szerint segítséget tudunk nyújtani.

## 
## Család- és Gyermekjóléti Szolgálat:
A családsegítés és a gyermekjóléti szolgáltatás 2016. január 1-jétől  összevonásra került, egy szervezeti és szakmai egységben működik, ezért feladataink egy részét a gyermekjóléti szolgáltatás (Gyvt. 40.§.), másik részét a családsegítés (Szt. 64.§.) szolgáltatásainak ellátása jelenti.
## 
- A **gyermekjóléti szolgáltatás** a szociális munka eszközeinek és módszereinek alkalmazásával szolgálja a gyermek testi, lelki egészségének megőrzését, elősegíti a gyermek családban történő nevelkedését, veszélyeztetettségének megelőzését, a kialakult veszélyhelyzet megszüntetését. A szociális munka módszereivel és eszközeivel, humán szolgáltatások biztosításával elkerülhetővé válik a hatósági beavatkozás.
- **Családsegítés**körében a szociális vagy mentálhigiénés problémák, illetve egyéb krízishelyzetek miatt segítségre szoruló személyek, családok, tartós munkanélküliek, fiatal munkanélküliek, adósságterhekkel, lakhatási problémákkal küzdők, fogyatékossággal élők, krónikus betegek, szenvedélybetegek, pszichiátriai betegek számára, illetve az ilyen helyzethez vezető okok megelőzése, a krízishelyzet megszüntetése, valamint az életvezetési képesség megőrzése céljából nyújt szolgáltatást.
 ## 
**A Család-és gyermekjóléti Szolgálat feladatai:**
## 
- tájékoztatás, információnyújtás,
- szociális segítő munka,
- ellátások, szolgáltatások közvetítése,
- hivatalos ügyek intézése,
- a családban jelentkező nevelési problémák és hiányosságok káros hatásainak enyhítése,
- észlelő és jelzőrendszer működtetése,
- adminisztrációs tevékenységi kör,
- prevenciós programok szervezése.
## 
Bakonykúti település családsegítője: Siposné Varga Petra
Elérhetősége: 06-20/426-0830
Ügyfélfogadás: igény szerint, előzetes telefonos egyeztetés után
A szolgáltatásokkal, az igénybevétellel kapcsolatban a következő elérhetőségeken érdeklődhetnek:
Levelezési cím:
- Iszkaszentgyörgyi Szociális Alapszolgáltatási Intézmény
- 8043 Iszkaszentgyörgy, Rákóczi u. 48. 

**Elérhetőség:**
Seresné Zsidai Borbála, intézményvezető
- Tel.: 06-20/293-9120
- Email: ics.szocintezmeny@gmail.com 

**Nyitva tartás:**
- hétfő-péntekig: 7-15 óra között

**Bakonykúti Önkormányzat részéről Pató Ágnes önkormányzati képviselő a közvetlen kapcsolattartó az Intézménnyel.**
## 
További információ: 
https://iszkaszentgyorgy.hu/intezmenyek/iszai/1",intezmenyek/iszkaszentgyorgyi-szocialis-alapszolgaltatasi-intezmeny,2025-01-17T03:52:07.693Z
14,Testületi ülés jegyzőkönyvek,"
## Meghívók jegyzőkönyvek 
## 2025
[2025 Május 29](https://utfs.io/f/26L8Sk7UnuECS3wdw5rBJwXMmcgpOnyY6qTPFChLG0Sl2ukN)

[2025 Április 24](https://utfs.io/f/26L8Sk7UnuECVC34uuqT1HuRmKsf6XNoZydnDGAWgaLqVOvr)

[2025 Március 27](https://utfs.io/f/26L8Sk7UnuEC5TKrRSkVqBcO9XlC0318ZTQN4s6Axy7fgoJD)

## 2024

[2024 December 05](http://www.bakonykuti.hu/jegyzokonyvek/2024_12_05.pdf)

[2024 November 28 Közös testületi ülés](http://www.bakonykuti.hu/jegyzokonyvek/2024_11_28_E.pdf)

[2024 November 20](http://www.bakonykuti.hu/jegyzokonyvek/2024_11_20.pdf)

[2024 Október 30 közmeghallgatás](http://www.bakonykuti.hu/jegyzokonyvek/2024_10_30kmh.pdf)

[2024 Október 30](http://www.bakonykuti.hu/jegyzokonyvek/2024_10_30.pdf)

[2024 Október 10](http://www.bakonykuti.hu/jegyzokonyvek/2024_10_10.pdf)

[2024 Szeptember 05](http://www.bakonykuti.hu/jegyzokonyvek/2024_09_05.pdf)

[2024 Május 23](http://www.bakonykuti.hu/jegyzokonyvek/2024_05_23.pdf)

[2024 Április 25](http://www.bakonykuti.hu/jegyzokonyvek/2024_04_25.pdf)

[2024 Március 28](http://www.bakonykuti.hu/jegyzokonyvek/2024_03_28.pdf)

[2024 Február 22](http://www.bakonykuti.hu/jegyzokonyvek/2024_02_22.pdf)

[2023 December 14](http://www.bakonykuti.hu/jegyzokonyvek/2023_12_14.pdf)

[2023 November 30](http://www.bakonykuti.hu/jegyzokonyvek/2023_11_30.pdf)

[2023 Október 26 közmeghallgatás](http://www.bakonykuti.hu/jegyzokonyvek/2023_10_26kmh.pdf)

[2023 Október 26](http://www.bakonykuti.hu/jegyzokonyvek/2023_10_26.pdf)

[2023 Szeptember 28](http://www.bakonykuti.hu/jegyzokonyvek/2023_09_28.pdf)



Ø  2023 Szeptember 28

Ø  2023 Augusztus 10

Ø  2023 Június 22

Ø  2023 Május 25

Ø  2023 Május 23

Ø  2023 Április 27

Ø  2023 Március 30

Ø  2023 Február 23  

Ø  2022 November 22 

Ø  2022 Október 27 Közmeghallgatás

Ø  2022 Otóber 27 

Ø  2022 Szeptember 08

Ø  2022 Július 14 

Ø  2022 Május 26

Ø  2022 Április 28

Ø  2022 Február 24

Ø  2022 Január 13

Ø  2021 November 25 

Ø  2021 Október 28

Ø  2021 Október 14 Közmeghallgatás

Ø  2021 Szeptember 30

Ø  2021 Augusztus 26

Ø  2021 Július 08

Ø  PM HAT 18 2021 5_21 ZÁRSZÁMADÁS 2020 ÉVRÕL

Ø  PM HAT 17 2021

Ø  PM HAT 16 2021

Ø  PM HAT 15 2021

Ø  PM HAT 14 2021

Ø  PM HAT 13 2021

Ø  PM HAT 12 2021
Ø  PM HAT 11 2021

Ø  PM HAT 10 2021

Ø  PM HAT 9 2021

Ø  PM HAT 6 2021

Ø  PM HAT 5 2021 

Ø  PM REND 4 2021 2021 évi költségvetési rendelet és mellékletei

Ø  PM REND 3 2021

Ø  PM HAT 3 2021

Ø  PM REND 2 2021

Ø  PM HAT 2 2021

Ø  PM REND 1 2021

Ø  PM HAT 1 2021

Ø  PM HAT 19 2020

Ø  PM HAT 18 2020

Ø  PM HAT 17 2020

Ø  PM HAT 16 2020

Ø  PM HAT 15 2020

Ø  PM HAT 13 2020

Ø  2020 Október 29 Közmeghallgatás

Ø  2020 Október 29

Ø  2020 Szeptember 18

Ø  2020 Július 09

Ø  PM HAT 9 2020

Ø  PM HAT 8 2020

Ø  PM HAT 7 2020

Ø  PM HAT 6 2020

Ø  PM HAT 5 2020

Ø  PM HAT 4 2020

Ø  Közmûvelõdés rendelet módosítás 2020

Ø  PM HAT 3 2020

Ø  PM HAT 2 2020

Ø  PM HAT 1 2020 

Ø  2020 Február 27

Ø  2019 November 28

Ø  2019 Október 21 Alakuló gyűlés

Ø  2019 Október 3

Ø  2019 Július 24

Ø  2019 Július 2

Ø  2019 Május 9

Ø  2019 Február 20

Ø  2019 Január 22 renkívüli

Ø  2018 November 27

Ø  2018 November 22 Közmeghallgatás

Ø  2018 Október 2 

Ø  2018 Szeptember 6

Ø  2018 Június 28

Ø  2018 Május 31

Ø  2018 Április 26

Ø  2018 Március 13

Ø  2018 Február 20

Ø  2017 december 19 rendkívüli

Ø  2017 november 23 közmeghallgatás

Ø  2017 november 23

Ø  2017 október 17

Ø  2017 szeptember 5

Ø  2017 június 27

Ø  2017 június 14

Ø  2017 május 24

Ø  2017 május 24 Iszka-Bakonykúti

Ø  2017 április 19

Ø  2017 március 23 rendkívüli ülés

Ø  2017 február 28

Ø  2017 február 16

Ø  2016 december 13

Ø  2016 november 24

Ø  2016 október 26

Ø  2016 szeptember 16

Ø  2016 július 22

Ø  2016 június 17

Ø  2016 május 31

Ø  2016 május 10

Ø  2016 május 10

Ø  2016 május 04 Iszka-Bakonykúti

Ø  2016 április 19

Ø  2016 március 30

Ø  2016 február 16

Ø  2016 február 16 Iszka-Bakonykúti

Ø  2015 december 15

Ø  2015 november 25

Ø  2015 november 25 Közmeghallgatás

Ø  2015 október 29

Ø  2015 augusztus 31

Ø  2015 június 30

Ø  2015 május 27

Ø  2015 május 8

Ø  2015 április 28

Ø  2015 február 19

Ø  2015 március 26

Ø  2014 december 19

Ø  2014 december 9

Ø  2014 november 25 közmeghallgatás

Ø  2014 november 25

Ø  2014 október 22 Alakuló Ülés

Ø  2014 április 22 rendkívüli

Ø  2014 március 04

Ø  2014 február 06

Ø  2014 február 06 Iszka 2014 január 28 rendkívüli

Ø  2014 január 21

Ø  2013 december 17

Ø  2013 december 5

Ø  2013 december 5 közmeghallgatás

Ø  2013 november 5 rendkívüli

Ø  2013 szeptember 19

Ø  2013 augusztus 22

Ø  2013 július 16

Ø  2013 június 20

Ø  2013 május 30

Ø  2013 április 30

Ø  2013 április 18

Ø  2013 február 14

Ø  2012 december 19

Ø  2012 november 29

Ø  2012 november 22

Ø  2012 október 24

Ø  2012 szeptember 21

Ø  2012 augusztus 13

Ø  2012 július 3

Ø  2012 június 19

Ø  2012 június 1

Ø  2012 május 2

Ø  2012 május 2 Iszkaszentgyörgy

Ø  2012 március 28

Ø  2012 február 29

Ø  2012 február 16

Ø  2011 január 26

Ø  2011 december 13

Ø  2011 november 29

Ø  2011 november 28 Közmeghallgatás

Ø  2011 október 12

Ø  2011 szeptember 13

Ø  2011 június 27

Ø  2011 június 8

Ø  2011 május 25

Ø  2011 április 25

Ø  2011 április 25 Iszkaszentgyörgy

Ø  2011 január 25

Ø  2011 február 15 Iszkaszentgyörgy

Ø  2011 február 15

Ø  2010 október 15

Ø  2010 november 9

Ø  2010 december 14 elõterjesztés

Ø  2010 december 14

Ø  2010 november 23 rendkívüli

Ø  2009 november 26 közmeghallgatás

Ø  2008 január 29

Ø  2008 február 15

Ø  2008 március 27

Ø  2008 április 8

Ø  2008 április 22

Ø  2008 május 15

Ø  2008 május 27

Ø  2008 június 26a>

Ø  2008 július 24

Ø  2008 szeptember 15

Ø  2008 szeptember 15 Iszkaszentgyörgy

Ø  2008 október 17

Ø  2008 november 24

Ø  2008 november 24 Iszkaszentgyörgy

Ø  2008 november 24 Iszka-Bakonykuti

Ø  2008 november 21 közmeghallgatás

Ø  2008 december 15

Ø  2008 január 15
		",onkormanyzat/testuleti-ulesek,2025-06-21T06:10:20.334Z
59,Bejelentés köteles tevékenységek,"## Bejelentés köteles tevékenységek

SZÁLLÁSHELY NYILVÁNTARTÁS  
http://www.bakonykuti.hu/Nyilvantartas/szallashely.pdf
## 
TELEP NYILVÁNTARTÁS 2021 
http://www.bakonykuti.hu/Nyilvantartas/TNYT_BK.pdf
## 
ÜZLETNYILVÁNTARTÁS BEJELENTÉS 2021 
http://www.bakonykuti.hu/Nyilvantartas/uzletnyilv_bejelent.pdf
## 

## Bejelentésre vonatkozó dokumentumok:

 

Kommunális adó bejelentõ 
http://www.bakonykuti.hu/igeny/01Komm_ado_bejel.pdf

 ## 

Megállapodás több tulajdonos részérõl a kommunális adót megfizetõ személyérõl 

http://www.bakonykuti.hu/igeny/02Komm_ado_megall.pdf 

 

## Igénylésre vonatkozó dokumentumok:

 

Aktív korúak ellátására vonatkozó kérelem 
http://www.bakonykuti.hu/igeny/Aktellat.pdf

 
## 
Ápolási díj iránti kérelem 

http://www.bakonykuti.hu/igeny/Apoldij.pdf

 
## 
Egészségügyi szolgáltatásra való jogosultság iránti kérelem 
http://www.bakonykuti.hu/igeny/Euszolg.pdf

 ## 

Gyermek otthongondozási díj iránti kérelem 
http://www.bakonykuti.hu/igeny/Gyermotthongond.pdf

 
## 
Idõskorúak  járadéka iránti kérelem 
http://www.bakonykuti.hu/igeny/Idjarad.pdf

 
## 
Közgyógyellátás iránti kérelem 
http://www.bakonykuti.hu/igeny/Kozgyogy.pdf

		",onkormanyzat/bejelentes-koteles-tevekenysegek,2024-12-30T09:17:32.294Z
